id,name,email,created_at
1,Alice Johnson,alice.johnson@example.com,2024-02-10 10:15:00
2,Bob Smith,bob.smith@example.com,2024-02-10 12:30:00
3,Charlie Brown,charlie.brown@example.com,2024-02-11 14:45:00
4,David Lee,david.lee@example.com,2024-02-12 09:10:00
5,Eva Adams,eva.adams@example.com,2024-02-12 16:25:00
6,Franklin Harris,franklin.harris@example.com,2024-02-13 11:55:00
7,Grace Turner,grace.turner@example.com,2024-02-13 20:05:00
8,Henry Clark,henry.clark@example.com,2024-02-14 18:20:00
9,Ivy Walker,ivy.walker@example.com,2024-02-15 13:35:00
10,Jack Miller,jack.miller@example.com,2024-02-16 08:50:00
